<?xml version="1.0" encoding="UTF-8"?>
<project-private xmlns="http://www.netbeans.org/ns/project-private/1">
    <editor-bookmarks xmlns="http://www.netbeans.org/ns/editor-bookmarks/2" lastBookmarkId="0"/>
    <open-files xmlns="http://www.netbeans.org/ns/projectui-open-files/2">
        <group>
            <file>file:/D:/Ky2/PRO/Candidate/Candidate/src/View/View.java</file>
            <file>file:/D:/Ky2/PRO/Candidate/Candidate/src/Controller/CandidateController.java</file>
            <file>file:/D:/Ky2/PRO/Candidate/Candidate/src/View/Menu.java</file>
        </group>
    </open-files>
</project-private>
